Stock_1,Stock_2,Correlation
ONGC,LT,0.9583586756178825
LT,ONGC,0.9583586756178825
POWERGRID,LT,0.9487851388201148
LT,POWERGRID,0.9487851388201148
HEROMOTOCO,TITAN,0.944921611804347
TITAN,HEROMOTOCO,0.944921611804347
ONGC,POWERGRID,0.943516497407467
POWERGRID,ONGC,0.943516497407467
APOLLOHOSP,ONGC,0.9407306051755641
ONGC,APOLLOHOSP,0.9407306051755641
APOLLOHOSP,ITC,0.9320728755194021
ITC,APOLLOHOSP,0.9320728755194021
ONGC,TATAMOTORS,0.9300345543162034
TATAMOTORS,ONGC,0.9300345543162034
TITAN,ITC,0.9260351759027867
ITC,TITAN,0.9260351759027867
JSWSTEEL,TATASTEEL,0.924795263122207
TATASTEEL,JSWSTEEL,0.924795263122207
TCS,SUNPHARMA,0.9234779848057915
SUNPHARMA,TCS,0.9234779848057915
TATAMOTORS,DRREDDY,0.9193571749569658
DRREDDY,TATAMOTORS,0.9193571749569658
DRREDDY,HCLTECH,0.9176706919736909
HCLTECH,DRREDDY,0.9176706919736909
TCS,INFY,0.916231467227726
INFY,TCS,0.916231467227726
TATAMOTORS,LT,0.9139905689432493
LT,TATAMOTORS,0.9139905689432493
HINDUNILVR,TITAN,0.9116795980874646
TITAN,HINDUNILVR,0.9116795980874646
TATAMOTORS,TCS,0.9097193414620711
TCS,TATAMOTORS,0.9097193414620711
TATASTEEL,HINDALCO,0.9081721579700743
HINDALCO,TATASTEEL,0.9081721579700743
HEROMOTOCO,BAJAJ-AUTO,0.9075059897886649
BAJAJ-AUTO,HEROMOTOCO,0.9075059897886649
HINDUNILVR,ITC,0.9073935088844228
ITC,HINDUNILVR,0.9073935088844228
TCS,HINDUNILVR,0.9045190962762325
HINDUNILVR,TCS,0.9045190962762325
